Product,Company,Rate,MRP,Stock
3M ELECTRODES                 ,3M,4.95,31.54,195
ABD 400MG                     ,INTAS,3.45,7.88,50
ABD PLUS SUSP                 ,INTAS,11.87,51,22
ABD SUSPENSION                ,INTAS,11.5,20.05,39
ABDOMINL MOP 25X40CM 8PLY AMAR,AMAR,52,260,10
ACCECLOWOC SP TAB             ,WOCKHARDT,16.75,146.16,15
ACCECLOWOC-P                  ,WOCKHARDT,7.76,66,2
ACCU-CHEK ACTIVE  100S        ,ROSCH,1641.92,1998,3
ACCU-CHEK ACTIVE METER        ,ROSCH,846.4,1098,2
ACCU-CHEK ACTIVE STRIP        ,ROSCH,638,795,1
ACCU-CHEK ACTIVE STRIP        ,ROCHELTD,889.7,1145,1
ACCU-CHEK ACTIVE STRIP        ,ROCHELTD,366.8,425,1
ACCU-CHEK INSTANT STRIP       ,ROSCH,340,425,1
ACCU-CHEK INSTANT STRIP       ,ROSCH,624.22,795,1
ACCU-CHEK SOFTLIX LANCETS     ,ROCHELTD,100.67,125,2
ACEMIZ MR TAB                 ,LUPIN,21.85,120.3,250
ACEMIZ PLUS TAB               ,LUPIN,13.65,119.75,716
ACEMIZ-RAB                    ,LUPIN,38.7,239.25,10
ACEMIZ-S                      ,LUPIN,24.2,126.95,215
ADICLO-GEL 30GM               ,AVENTURA,66.29,95,42
ADULSA 100ML NARENDRA         ,NARENDRA,21.5,90,7
ALCONIL 500                   ,ZENLABS,7.65,30,9
ALCONOL TAB                   ,IND-SWIFT,7.15,65.72,233
ALDIGESIC-P                   ,ALKEM,13.55,110,29
ALITE ALOE/NEEM FW            ,LEEFORD,41.4,100,6
ALITE ANTI ACNE FW            ,LEEFORD,64.4,165,6
ALITE ANTI ACNE SOAP          ,LEEFORD,27.31,75,15
ALKOF COFGELS CAP             ,ALKEM,28.15,79.5,10
ALKOF COLD & FLU              ,ALKEM,16.24,85,40
ALKOF COUGH LOZENGES JAR      ,ALKEM,18.4,39,176
ALKOF DX SYP                  ,ALKEM,24.95,110,44
ALKOF DX SYP                  ,BOMBAY,15.23,64,49
ALKOF JUNIOR                  ,ALKEM,25.86,108,28
ALKOF JUNIOR 60ML             ,ALKEM,17.78,67,22
ALKOF P SYP                   ,BOMBAY,19.55,55,36
ALMOX 500MG CAP               ,BOMBAY,47.65,123.56,67
ALMOX DT 250                  ,ALKEM,35.88,123,52
AMBITECH 2 IN 1 STEAM INHALER ,AMBITECH,125,399,5
AMBITECH 3 IN 1 STEAM INHALER ,AMBITECH,179.2,499,2
AMBITECH WALKER               ,AMBITECH,658,1499,1
AMBITECH WALKING QUADRIPOD    ,AMBITECH,287.5,999,2
AMBITECH WALKING TRIPOD       ,AMBITECH,253,850,2
AMICACIN 500MG AMIDER INJ     ,ELDER,19.8,113.7,65
AMLIP 10MG                    ,CIPLA,10.17,60.92,20
AMLIP 2.5MG                   ,CIPLA,4.95,20.04,40
AMLIP 5MG                     ,CIPLA,7.31,28,135
AMLIP AT                      ,CIPLA,9.24,79.86,12
AMOROLKEM                     ,ALKEM,18.32,150,9
AMOXYCLAV 1.2GM INJ.          ,ABBOTT,55.2,157.51,36
AMOXYCLAV DUO SYP             ,ABBOTT,53.55,184.07,2
AMOXYCLAV SAFE228.5MG DRY SYP ,ABBOTT,42.55,67.81,6
AMOXYCLAV TAB 625 MG          ,ABBOTT,85.1,204.84,4
AMOXYCLAV-375                 ,ABBOTT,78.2,281.74,8
AMPICLOX CAP                  ,OMEGA,33.6,75,26
AMROCAD CREAM                 ,CADILA,100.05,391,13
AMROX LS SYP                  ,LEEFORD,31.75,110,8
AMSTRAD AC AMISI1831-1.5TON   ,AMSTRAD,21875,30000,3
ANAWIN 0.25% INJ              ,NEON,51.7,63.1,7
ANAWIN 0.5% INJ.              ,NEON,74.5,98.5,9
ANAWIN INJ.HEAVY              ,NEON,26.95,33,10
ANSUYA MICROPORE TAPE1        ,SURGICAL,15.12,79.16,9
ASCODEX D SF                  ,GLENMARK,41.2,154.5,187
ASCODEX DX PLUS SYRUP         ,GLENMARK,30,141,21
ASCODEX EXP 100ML             ,SAFTI,31.68,129,22
ASCODEX JUNIOR                ,GLENMARK,21.95,91.5,85
ASCODEX LS JR SYP             ,GLENMARK,30.5,97,86
ASCODEX PLUS SYP              ,GLENMARK,33.92,129,60
ASCODEX SF 100ML              ,GLENMARK,29.5,147.5,120
ASCODEX-LS SYP                ,GLENMARK,40.65,129,31
ATORBEST 10MG                 ,CADILA,11.27,55.33,18
ATORBEST 20MG                 ,CADILA,18.11,138.26,15
AVCORT-6 TAB                  ,AVENTURA,101.2,145,36
AVDOX-200 TAB                 ,AVENTURA,157.03,225,9
AVDOX-CV TAB                  ,AVENTURA,272.19,390,39
AVENCID-DSR TAB               ,AVENTURA,76.76,110,120
AVGRACE SOFTGELS              ,AVENTURA,104.68,150,116
AVICLO-SP TAB                 ,AVENTURA,77.59,105,180
AVMONT-L TAB                  ,AVENTURA,66.29,95,96
AXONE 500MG INJ               ,ABBOTT,20.5,50.22,2
AZICIP 200 SUSP               ,CIPLA,25.56,57.28,6
AZICIP 250MG                  ,CIPLA,38.58,78.28,60
AZICIP 500MG                  ,CIPLA,36.8,79.19,325
AZIZOOM 500 TAB               ,GLENMARK,29,79.2,100
B-FIT ADULT DIAPER LARGE      ,NOBEL,210.9,580,3
B-FIT ADULT DIAPER MEDIUM     ,NOBEL,186.75,525,6
B-FIT ADULT DIAPER XL         ,NOBEL,204.6,605,1
B-FIT PANTS LARGE             ,NOBEL,235,605,4
BAJRANG LEP                   ,GENERAL,20,30,13
BANDAGE 10CM X 3MTR           ,DEVI,59,120,12
BANDAGE 5CM X 3M              ,DEVI,30,60,17
BANDAGE 7.5CM X 3M            ,DEVI,42.85,90,17
BANDAGE ROLL5CM*12Y           ,SRI,120.75,180,2
"BANDAGE ROLLAR 6""/12MTR       ",DEVI,312,900,5
BANDAGE ROLLER 10CM*12MTR     ,ARUN,219.5,960,2
BD EMERALD SYRINGE            ,BD,3.6,10,25
BD INSULIN SYR.SIN.           ,BECTON,88.5,113,44
BD NANO PEN NEEDLE            ,BD,15.25,19.2,10
BEDBATH FABBY 240MMX300MM     ,HUMAN,55,323,10
BENDEX 400MG                  ,CIPLA,3.76,7.88,120
BENDEX SUSPENSION             ,CIPLA,12.23,19.82,55
BEPLEX FORTE TAB              ,ALKEM,41.36,51.7,1
BILACIP 20                    ,CIPLA,43.8,163.35,9
BILACIP M TAB                 ,CIPLA,45.94,176,13
BINAFIDE DUO RESPULES         ,TORRENT,9.77,43.95,15
BONEFINE D3 SHOTS             ,HEALING,15.58,66.75,20
BORAX GLYCERINE I.P.          ,OSWAL,71.3,120,3
BORIC ACID 100GM              ,PARAS,32,75,30
BORIC ACID 20 GM              ,PARAS,106.95,300,3
BORIC ACID 200GM              ,PARAS,63.05,120,17
BORIC ACID 400GM              ,PARAS,124.2,220,17
BORIC ACID 50GM               ,PARAS,20,45,27
BRAMI TABLETS 60S             ,HIMALAYA,161.33,220,1
BUDEWIN RESPULES              ,ROUSSEL,7.5,24.04,30
BUMTUM BABY PANT L30          ,FAMILYCARE,232.5,399,126
BUMTUM BABY PANT M32          ,FAMILYCARE,232.5,399,208
BUMTUM BABY PANT S40          ,FAMILYCARE,232.5,399,161
BUMTUM BABY PANT XL 24        ,FAMILYCARE,232.5,399,110
BUMTUM BABY PANTS L-8         ,FAMILYCARE,62.5,99,55
BUMTUM BABY PANTS L-STRP      ,FAMILYCARE,8.5,14,168
BUMTUM BABY PANTS M-9         ,FAMILYCARE,62.5,99,11
BUMTUM BABY PANTS M-STRP      ,FAMILYCARE,7.6,12,220
BUMTUM BABY PANTS S-10        ,FAMILYCARE,62.5,99,36
BUMTUM BABY PANTS S-STRP      ,FAMILYCARE,6.7,10,412
BUMTUM BABY WET WIPES         ,FAMILYCARE,42.5,199,145
BURNHEAL CREAM                ,CIPLA,23.94,90.14,13
C-ONE 1GM INJ.                ,ABBOTT,23,69.73,17
C-ONE SB 1.5GM INJ            ,ABBOTT,36.5,340.61,20
CALCIGEN D3                   ,CADILA,18.97,137.86,29
CALCIGEN D3 CHEWABLE TAB      ,CADILA,18.85,100.8,7
CALCIJOINT                    ,LEEFORD,13.3,60,6
CALOSHEL 500                  ,EMCURE,6.93,114.65,60
CALXIL-500                    ,EXILIFEPHARMED,60.71,85,69
CARDIO ECG GEL                ,GURU,26.79,95,3
CARIFORD TAB                  ,LEEFORD,69,350,10
CASTOR NF 15GM                ,LEEFORD,27.5,99,53
CASTOR OIL                    ,OSWAL,41.4,85,3
CASTOR OIL 100ML              ,PARAS,41.4,85,21
CASTOR OIL 200ML              ,PARAS,76.19,140,5
CASTOR OIL 400ML              ,PARAS,145,260,2
CASTOR OIL 50ML               ,PARAS,24.29,55,29
CATHY NO.20                   ,HINDUSTAN,9.89,110,20
CEFIX  DRY  SYRUP             ,ZYDUS,24.9,48.72,6
CEFIX 100MG TAB               ,BOMBAY,31.14,104.5,41
CEFIX 200MG                   ,CIPLA,44.47,109.53,937
CEFIX-O                       ,CIPLA,67.8,266.2,3
CEFLOX E/E DROP               ,LABORATE,9.89,52,6
CEFLOX-D E/E DROPS            ,LABORATE,11,63,1
CETAPHIL GENTLE CLEANSER      ,GALDERMA,460,675,1
CETCIP L TAB                  ,CIPLA,4.55,73.81,50
CETCIP SYRUP                  ,CIPLA,11.55,22.17,28
CETCIP TAB                    ,CIPLA,4.8,18.81,187
CETFLAM TAB                   ,SAINT,9.2,30,71
CETIRIZINE SYP                ,GLENMARK,15.93,44.35,13
CHESTON COLD DS SUSP          ,CIPLA,23.81,87.45,22
CHESTON COLD SYRUP            ,CIPLA,21.5,48.4,1
CHESTON COLD TAB              ,CIPLA,15.76,51.42,303
CHLORO EYE APLICAPS           ,EAMON,30,99,30
CHYMOTHAL FORTE               ,CADILA,39.37,458,25
CHYMOTHAL PLUS                ,CADILA,61.35,253.9,11
CIP-TZ TAB                    ,LAB,36.8,175,5
CIPCAL 500MG TAB              ,CIPLA,17.5,95.15,100
CIPCAL D3 SACHETS             ,CIPLA,10.09,38.05,30
CIPCAL HD                     ,CIPLA,15.79,94.6,1
CIPCAL SYRUP                  ,CIPLA,32.4,90.75,45
CIPCAL XT TAB                 ,CIPLA,68.67,328.51,10
CIPLACTIN SYRUP               ,CIPLA,39.2,159.57,21
CIPLADINE ANTISEP BANDAGE     ,CIPLA,158.65,300,9
CIPLADINE GARGLE              ,CIPLA,46.69,218.28,14
CIPLADINE OINT                ,CIPLA,38.48,95.84,30
CIPLADINE OINT.               ,CIPLA,108.97,205.7,4
CIPLADINE OINT.               ,CIPLA,33.26,65.14,32
CIPLADINE OINT.               ,CIPLA,196.37,478.5,2
CIPLADINE OINT.               ,CIPLA,19.58,31.94,95
CIPLADINE OINTMENT            ,CIPLA,22.65,47.92,37
CIPLADINE POWDER              ,CIPLA,21.16,81.85,44
CIPLADINE SOLUTION            ,CIPLA,51.49,9072,11
CIPMOL-500MG                  ,CIPLA,7.18,9.96,60
CIPMOX 500MG TAB              ,CIPLA,43.54,123.48,31
CIPZEN D TAB                  ,CIPLA,17.18,143,100
CIPZOX TAB                    ,CIPLA,12.62,81.07,112
CLEARWAX EAR DROPS            ,CIPLA,25.4,80.46,50
CLINCITOP GEL                 ,UNIVERSAL,23.23,60.9,70
CLINSOL ANTI ACNE FACE WASH   ,LEEFORD,63.28,165,2
CLINSOL F/W OIL CONTROL       ,LEEFORD,57.63,150,1
CLINSOL GEL                   ,LEEFORD,24.03,90,16
CLINSOL SOAP                  ,LEEFORD,30.79,75,3
CLOBET-GM OINT.               ,UNIVERSAL,9.41,48,209
CLOCIP -B CREAM               ,CIPLA,19.85,69.85,9
CLOCIP CREAM                  ,CIPLA,19.38,50.4,50
CLOCIP DUST. POW              ,CIPLA,74.87,140,23
CLOCIP DUST. POW              ,CIPLA,53.98,93,2
CLOCIP-L 10GM                 ,CIPLA,,,4
CLOVE OIL 5GMS                ,PARAS,139.15,300,1
CLOZOTIC EAR DROPS            ,UNIVERSAL,12.75,60,1
CODVEL CAP                    ,LEEFORD,140.3,300,2
COF-Q DX TAB                  ,CIPLA,10.75,46.2,50
COFDEX COUGH SYRUP            ,CIPLA,22.71,108.29,13
COFFDRYL                      ,VIVIER,13.8,110,5
COFRYL COUGH SYRUP            ,CIPLA,15.53,99.82,58
COFSIL MEDICATED SYP          ,CIPLA,17.99,99,18
COFSILS COUGH DROPS RS1       ,CIPLA,106.4,205,6
COFSILS GARGLE                ,CIPLA,48.5,170,9
COFSILS GINGER LEMON          ,CIPLA,19.37,33,125
COFSILS LONZENGES             ,CIPLA,19.55,33,1
COFSILS ORANGE                ,CIPLA,484,805,47
COLDCAP                       ,SAINT,4.75,30,220
COMFLAM PLUS TAB              ,BOMBAY,11.67,30,15
COMMOD CHAIR FOLD PREM        ,SURGICAL,753.25,2500,3
COMMOD CHAIR-FIBER TOP        ,SURGICAL,764.75,1650,1
CONCOR 5MG                    ,MERCK,105.29,128.18,14
CONTOUR PLUS STRIP 25         ,ASCENSIA,565,700,1
COOL PACK                     ,FLAMINGO,370.53,450,5
CORN CAP (MEDIGRIP)           ,PRECISION,8.06,48,14
COTRIMOXAZOLE-DS              ,OMEGA,21,35,5
COTTON 10GM(HAPPY)            ,HAPPY,102.35,300,1
COTTON 10GMS                  ,RISHABH,76.8,225,3
COTTON 20GM(COTEX)            ,COTEX,155.4,300,2
COTTON MAMATA 50GM            ,MAMTA,25.42,50,568
COTTON MAMTA                  ,MAMTA,65.55,160,142
COTTON MAMTA                  ,MAMTA,119.85,390,60
COTTON MAMTA                  ,MAMTA,11.55,25,1403
COTTON MAMTA                  ,MAMTA,41.95,85,270
COTTON WOOL JAYCOT            ,JAYCOT,43.12,115,4
CREMAZEN SUSP S/F             ,MEDLEY,28.4,114.6,7
CREPE BANDAGE 6CM             ,GLOBAL,54.92,180,11
CRESCENT VAPORISER            ,CRISCENT,87.4,299,2
CYNOVIT INJ                   ,MERLIN,23.05,68.94,3
CYPROHEPTADINE TAB            ,BOMBAY,1.39,25,134
D-VENIZEP 50                  ,SUNLIFE,188.93,230,1
DANOPAR TAB                   ,BOMBAY,6.65,30,120
DECO E/E DROP                 ,LABORATE,12.5,63,30
DEEMOL 500MG TAB              ,SAINT,6.78,35,183
DEFLAWOK 6MG                  ,WOCKHARDT,22,210.35,36
DELOTRIL .25                  ,DELLWICJ,,,1
DENTAL-TONIC                  ,UNIVERSAL,19.72,80,41
DERMI-5                       ,UNIVERSAL,15.26,54.45,59
DERMIFORD CREAM 15GM OINT     ,LEEFORD,28.1,99,12
DERMIFORD K5                  ,HINIKAM,19.55,83,10
DERMIFORD OINT                ,LEEFORD,32.77,110,4
DERMIKEM OC CREAM             ,ALKEM,17.39,100,22
DERMIKEM OC+ CRM              ,ALKEM,21.54,112,14
DETTOL LIQUID 550ML           ,PROCTER,,,2
DETTOL PLASTER WASHPROOF      ,RECKITT,,,1
DICLOGEM TAB                  ,OMEGA,5.92,30,70
DICLOPLUS TAB                 ,BOMBAY,5.13,26.6,334
DICOLIV GEL 30GM              ,IND-SWIFT,20.7,125.8,23
DICOLIV MR TAB                ,IND-SWIFT,13.11,123.2,58
DIGITAL THERMOMETER MEDTECH   ,MEDTECH,80.51,134,2
DISPO HEAD CAP SURGEONS       ,SURGEONS,2.5,12,95
DISPO VAN 10CC                ,HINDUSTAN,4.11,13,413
DISPO VAN 2.5CC               ,HINDUSTAN,2.01,8.4,1740
DISPO VAN 20CC                ,HINDUSTAN,10.35,27.5,23
DISPO VAN 2CC                 ,HINDUSTAN,1.96,5.9,1182
DISPO VAN 50CC                ,HINDUSTAN,21.48,61,23
DISPO VAN 5CC                 ,HINDUSTAN,2.55,9.3,1578
DISPOVAN SYRINGE              ,HINDUSTAN,2.18,5.4,1
DONAPLAST (BELADONA)          ,BEETA,4.5,20,80
DOTRA-M TAB                   ,EMCURE,,,7
DOXIRICH-LB                   ,LUPIN,40.25,100.15,51
DOXY-100 TAB                  ,SAINT,11.5,40,23
DUCODYL TAB                   ,UNIVERSAL,5.95,12.99,2
DUOLAB RESPULES               ,LABORATE,7.95,20,5
DUOMAX RESPULES               ,ROUSSEL,7.47,23,25
DUPAMAC SYP                   ,MACLEODS,105,258.3,7
DYNAFEEL ELA. ADHESIVE BANDAGE,NARENDRA,51.5,450,1
DYNAFIX 10CM*4MTR             ,GLOBAL,185,1485,5
DYNAFIX 10CMX 1M              ,GLOBAL,66.5,450,8
DYNAGLIPT M                   ,MANKIND,94.25,131.89,11
E.T. TUBE NO 5.5              ,ROMSONS,51.5,237,1
E.T.TUBE NO 5                 ,ROMSONS,71.25,359,1
EAGLE DIG.W.MCH 1007A         ,E.G.KANTAWALLA,935,1499,1
EASIBREATHE                   ,CIPLA,20.27,74.25,200
EEECAD 400MG                  ,CADILA,21.73,76.93,4
ELA.ADHESIVE10CMX4.6MT        ,SAR,148,1350,4
ELASTIC ADHESIVE BANDAGE10CM*1,BIOSURGE,49.5,425,1
ELDERVIT INJ.                 ,ELDER,9.65,38.6,312
ELDURO ADULT  DIAPER M10      ,FAMILYCARE,205.5,599,35
ELDURO ADULT DIAPER  L10      ,FAMILYCARE,214.3,649,20
ELDURO ADULT DIAPER XL10      ,FAMILYCARE,232.15,699,32
ELDURO ADULT PULLUP PANTS     ,FAMILYCARE,214.3,599,197
ELDURO ADULT PULLUP PANTS     ,FAMILYCARE,232.2,649,243
ELDURO ADULT PULLUP PANTS     ,FAMILYCARE,250,699,109
ELECTRIC GEL BAG CAREMARC     ,CAREMARC,112.7,580,2
ELECTRIC GEL BAG GENIUS       ,GENIUS,126.5,599,3
ELECTRIC GEL BAG MATRIX       ,MATRIX,132.25,600,1
ELECTRIC VAPORIZER            ,DR.MORPEN,130,375,1
ELPAN-40 INJ                  ,ELDER,9.9,50,36
EMPIMER 1000MG INJ            ,SAMARTH,167.5,1067,2
ENDURA MASS CHOC 500GM        ,CIPLA,449.57,679,5
ENDURA MASS VANILLA           ,CIPLA,451,679,3
ENEMA TRANSFLEX 100ML         ,SURGICAL,13.22,75,9
ENO LEMON BOTTLE              ,GLAXO,,,1
ENTDOGERMINA 5ML              ,ROUSSEL,15.75,52,50
ENTROQUEEN TAB                ,BOMBAY,11.04,30,82
ERIS HEAL CRACK               ,ERIS,23.75,104.45,37
ESICARE 10                    ,DELLWICJ,,,1
ESMODER 40                    ,ELDER,22.3,190,10
ESOMROZ-DSR                   ,ROUSSEL,20.7,95,15
ETHILON 2-0 (NW3336)          ,ETHICON,159.5,275,6
ETHILON 3-0 (NW 3321)         ,ETHICON,197.78,341,6
ETHILON 3-0 (NW 3328)         ,ETHICON,149.6,257,9
ETHILON 4-0 (NW 3319)         ,ETHICON,208.5,359,3
ETHROS 500                    ,SENCARE,39.75,110,23
ETOLYTE MR                    ,LEEFORD,52.32,195,24
ETOZOX 90MG                   ,CIPLA,30.96,160.93,13
EUCALYPTUS OIL I.P.           ,OSWAL,182.85,360,3
EUCEE NF ORANGE               ,EUROCARE,33,70,82
EUCOVIT SYRUP                 ,QUIXOTIC,34.5,175,3
EVEC 400                      ,AMREE,18.6,38,1
EVEE 400MG                    ,NUKIND,17.83,39,54
EXAM GLOVES PHOENIX 20PC      ,PHOENIX,45.5,350,8
EXIFENAC-P                    ,EXILIFEPHARMED,46.45,65,60
EXIFENAC-SP                   ,EXILIFEPHARMED,82.14,115,18
EXMULTIV                      ,EXILIFEPHARMED,88.13,130,42
EYE REFRESH DROPS 1%          ,MEDLEY,12.5,156,2
EZEEBRITH PLUS SOFTGEL        ,MIRFI,14.95,85,7
FACE MASK 3 PLY               ,KALASH,1.5,4.2,400
FACE MASK FILTRA 3PLY BLACK   ,FILTRA,2.25,4.2,300
FACE MASK FILTRA 3PLY BLUE    ,FILTRA,2.25,4.2,299
FEREXIL-XT                    ,EXILIFEPHARMED,70.71,99,54
FERICIP XT TAB                ,CIPLA,34.75,122.65,40
FESTIVE E/E DROPS             ,LABORATE,10.52,52,34
FESTIVE-D DROP                ,LABORATE,10.23,63,53
FIRST AID KIT SMALL           ,CARE,162,299,1
FIXCOF COFGEL                 ,EMCURE,13.75,83.3,40
FIXCOF DX SYP                 ,EMCURE,20.65,131.35,53
FLA  KNEE CAP MEDIUM          ,FLAMINGO,219.93,425,17
FLA ABD BELT LARGE            ,FLAMINGO,388.7,750,4
FLA ABD BELT MEDIUM           ,FLAMINGO,388.12,750,3
FLA ABD BELT SMALL            ,FLAMINGO,388.12,750,2
FLA ABD BELT XL               ,FLAMINGO,388.12,750,3
FLA ABD BELT XXL              ,BOMBAY,412.5,750,1
FLA ANKLE BINDER LARGE        ,FLAMINGO,152.8,290,3
FLA ANKLE BINDER MEDIUM       ,FLAMINGO,152.8,290,2
FLA ANKLE GRIP LARGE          ,FLAMINGO,186.3,360,3
FLA ANKLE GRIP MEDIUM         ,FLAMINGO,186.3,360,1
FLA ANKLET GRIP EXTRAL        ,BOMBAY,198,360,1
FLA ANKLET LARGE              ,FLAMINGO,211.75,385,3
FLA ANKLET MEDIUM             ,FLAMINGO,211.75,385,5
FLA ANKLET SMALL              ,BOMBAY,211.75,385,2
FLA ANKLET XL                 ,FLAMINGO,211.75,385,1
FLA ARM SLING POUCH (L)       ,FLAMINGO,219.93,425,2
FLA ARM SLING POUCH (S)       ,FLAMINGO,219.93,425,2
FLA ARM SLING POUCH BABY      ,FLAMINGO,222,395,1
FLA ARM SLING POUCH(M)        ,FLAMINGO,233.75,425,3
FLA B KNEEBRACE L/XL          ,FLAMINGO,605,1100,1
FLA B KNEEBRACE LL            ,FLAMINGO,605,1100,1
FLA B KNEEBRACE LONG MEDIUM   ,FLAMINGO,605,1100,1
FLA B KNEEBRACE LONG SMALL    ,FLAMINGO,605,1100,1
FLA B LS BELT MED             ,FLAMINGO,536.25,975,2
FLA B WRIST BRACE             ,FLAMINGO,129.25,235,11
FLA BEL KNEE STOCK EXTRAL     ,FLAMINGO,398.75,725,1
FLA BEL KNEE STOCK LARGE      ,FLAMINGO,398.75,725,1
FLA BEL KNEE STOCK MED        ,FLAMINGO,398.75,725,1
FLA BEL KNEE STOCK SMALL      ,FLAMINGO,398.75,725,1
FLA BLACK KNEE BRACE SHORT SMA,FLAMINGO,492.25,895,1
FLA BLACK KNEEBRACE SHORT LARG,FLAMINGO,492.25,895,1
FLA BLACK KNEEBRACE SHORT MED ,FLAMINGO,492.25,895,1
FLA BLACK KNEEBRACE SHORT XL  ,FLAMINGO,492.44,895,1
FLA CER COLLAR LARGE          ,FLAMINGO,219.93,425,3
FLA CER COLLAR MEDIUM         ,FLAMINGO,219.93,425,2
FLA CER COLLAR SMALL          ,BOMBAY,181.5,330,2
FLA CER COLLAR XL             ,BOMBAY,229,425,1
FLA COOL EYES                 ,FLAMINGO,172.9,210,3
FLA COT SPLINT L              ,FLAMINGO,99,185,1
FLA COT SPLINT M              ,FLAMINGO,99,185,1
FLA ELBOW SUPPORT(L)          ,FLAMINGO,135,265,4
FLA ELBOW SUPPORT(M)          ,FLAMINGO,137,265,2
FLA HEATING PAD REGULAR       ,FLAMINGO,771.93,1250,2
FLA KNEE BRACE(SHORT) L       ,FLAMINGO,469.8,895,1
FLA KNEE BRACE(SHORT) M       ,FLAMINGO,469.8,895,1
FLA KNEE CAP BLACK(L)         ,FLAMINGO,219.93,425,4
FLA KNEE CAP BLACK(M)         ,FLAMINGO,219.93,425,6
FLA KNEE CAP LARGE            ,FLAMINGO,219.93,425,15
FLA KNEE CAP SMALL            ,FLAMINGO,219.93,425,14
FLA KNEE CAP XL               ,FLAMINGO,219.93,425,5
FLA KNEE CAP XXL              ,BOMBAY,233.75,425,3
FLA LS BELT BLACK LARGE       ,FLAMINGO,537,975,1
FLA LS BELT BLACK SMALL       ,FLAMINGO,537,975,1
FLA LS BELT LARGE             ,FLAMINGO,514.8,975,2
FLA LS BELT MEDIUM            ,FLAMINGO,504.56,975,1
FLA LS BELT SMALL             ,FLAMINGO,504.56,975,2
FLA LS BELT XL                ,FLAMINGO,504.56,975,1
FLA LUMBER  SACRO             ,FLAMINGO,536.25,975,2
FLA LUMBER SACRO              ,FLAMINGO,536.25,975,2
FLA LUMBER SACRO EXTRA L      ,FLAMINGO,536.25,975,2
FLA OPEN PATELLA L            ,FLAMINGO,238.5,440,2
FLA OPEN PATELLA M            ,FLAMINGO,238.5,440,1
FLA ORT HEAT BELT MIMI        ,BOMBAY,653,800,8
FLA ORT HEAT BELT REG         ,BOMBAY,1020.3,1250,4
FLA PALM BRACE LARGE          ,FLAMINGO,123.75,225,1
FLA PALM BRACE MED            ,FLAMINGO,123.75,225,1
FLA RIB BELT LARGE            ,FLAMINGO,355,650,1
FLA RIB BELT MEDIUM           ,FLAMINGO,355,650,1
FLA RIB BELT XL               ,FLAMINGO,355,650,1
FLA SCROTAL SUPPORT           ,FLAMINGO,300.15,475,1
FLA SCROTAL SUPPORT           ,FLAMINGO,300.15,475,1
FLA SOFT COLLAR LARG          ,FLAMINGO,181.5,330,1
FLA SOFT COLLAR MED           ,FLAMINGO,181.5,330,1
FLA SOFT COLLAR SMALL         ,FLAMINGO,,,2
FLA TENNIS ELBOW UNI.         ,FLAMINGO,142.6,275,2
FLA V.V STOCKING LARGE        ,FLAMINGO,521.95,949,1
FLA V.V STOCKING MED          ,FLAMINGO,521.95,949,1
FLA V.V STOCKING XL           ,FLAMINGO,521.95,949,1
FLA VAR.V.STOCKING SMALL      ,FLAMINGO,521.95,949,1
FLA WRIST BRACE               ,FLAMINGO,116.1,215,1
FLA WRIST BRACE               ,FLAMINGO,118.25,215,6
FLA WRIST BRACE BLACK         ,FLAMINGO,117.5,215,1
FLA WRIST WRAP                ,FLAMINGO,129.25,235,5
FLAMICREAPE 15 CM             ,FLAMINGO,261.25,475,10
FLAMICREPE 10CM               ,FLAMINGO,211.75,385,15
FLAMICREPE 15CM               ,FLAMINGO,107.64,475,9
FLAMICREPE 5CM                ,FLAMINGO,61.25,275,16
FLAMICREPE 7.5CM              ,FLAMINGO,181.15,330,10
FLAMIPORE 5CM /9M             ,FLAMINGO,434.5,790,3
FLAMIPORE 7.5CM / 9M          ,FLAMINGO,434.5,790,3
FLAMOX CV 625                 ,GLENMARK,73.8,204.96,180
FLUKA 150MG TAB               ,CIPLA,6.52,13.5,240
FLUMET 200MG                  ,LEEFORD,6.47,19.5,10
FOLEY CATHETER NO.14          ,ROMSONS,68.5,137,9
FOLEY CATHETOR 3 WAY NO 18    ,RUSCH,325,588,5
FOLIWOCK TAB                  ,WOCKHARDT,9.28,50.74,46
FOOTCARE DABBI 25GM           ,IND-SWIFT,16.1,70,9
FOURDERM CREAM                ,CIPLA,12.92,62.31,6
FOURDERM CREAM                ,CIPLA,22.12,107.25,30
FOURDERM CREAM                ,CIPLA,38.5,167.75,5
FREE ME SANI PAD BLUE 280MM   ,FAMILYCARE,25,40,11
FREE ME SANI PAD PINK240MM    ,FAMILYCARE,17,32,455
FREE ME SANITARY NAPKIN 18PADS,FAMILYCARE,70,99,11
FRIENDS ADULT DIAPPER L       ,NOBEL,224.25,580,8
FRIENDS CLASSIC PANTS XL      ,NOBEL,255.3,660,8
FRIENDS PULL UP LARGE         ,NOBEL,375,660,2
FRIENDS PULL UP XL            ,NOBEL,255.3,660,2
FUNGDID-B CREAM               ,BOMBAY,11.2,50,32
GALLANT BLADE SWEZOR          ,SWIZERA,54,54,1
GARLIC PEARLS                 ,SUN,107.14,150,3
GELUPIN MPS SYRUP             ,LUPIN,18.11,123.3,12
GEMER .5                      ,SUN,31.7,38.6,14
GEMFUL SOFTGEL                ,WOCKHARDT,18.65,300.35,15
GEMSOLINE 15S                 ,MEDLEY,21.5,268,32
GENIUS CANNULA FIXATOR        ,GENIUS,6.45,92,79
GENIUS DIGITAL THERMOMETER    ,GENIUS,57.6,195,24
GENIUS MERCURY THERMAMETER    ,GENIUS,71.3,210,8
"GENIUS PAPER TAPE 1""          ",GENIUS,12.93,65.83,26
"GENIUS PAPER TAPE 1/2""        ",GENIUS,15,32.92,24
GEOFRESH SPRAY ELAICHI        ,LEEFORD,48.87,99,11
GEOFRESH SPRAY MINT           ,LEEFORD,48.3,99,10
GESTOFORD 200MG               ,LEEFORD,71.3,310,3
GLIMIDIB M1 SR                ,HELIOS,23.58,144.81,8
GLIMP M1 TAB                  ,BIO,9.6,105.85,20
GLIMP M2 SR                   ,BIOCHEM,17.7,154.55,14
GLOVES EXAM  L NULIFE         ,NULIFE,216.2,1080,13
GLOVES EXAM M NULIFE          ,NULIFE,216.2,1080,11
GLOVES NO.6 NULIFE            ,NULIFE,16.67,67,12
GLOVES NO.6.5 NULIFE          ,NULIFE,16.56,73,73
GLOVES NO.7  NULIFE           ,NULIFE,16.56,73,103
GLOVES NO.7.5 NULIFE          ,NULIFE,17.85,73,52
GLUCO ONE  BGMS BG-03         ,DR.MORPEN,425,675,2
GLUCO ONE STRIPS              ,DR.MORPEN,325,499,3
GLUCONORM SR 1GM              ,LUPIN,55.85,68,11
GLUCOSE D NEW                 ,PARAS,26.5,70,9
GLUCOSE D REGULAR             ,PARAS,16,40,10
GLUCOSE-D (ORANGE) 100GM      ,PARAS,17.1,45,5
GLUCOSE-D (ORANGE) 200GM      ,PARAS,29,75,6
GLYCERIN I.P.                 ,OSWAL,32,75,2
GLYCERIN IP 100GM(PCI)        ,PARAS,34.1,80,28
GLYCERIN IP 200GM (PCI)       ,PARAS,65.5,135,12
GLYCERIN IP 50GM(PCI)         ,PARAS,20.7,45,32
GLYCERIN IP400GM(PCI)         ,PARAS,125,240,11
GLYCERINE I.P.                ,OSWAL,19.5,40,6
GLYCODIN 100ML                ,ALEMBIC,50.6,119.9,6
GOLD WHEY PROTEIN 500G        ,LEEFORD,218.5,650,1
GRAIN GOLD AMP                ,SGS,4.5,20,230
"GYPSONA 4""                    ",BSN,110.6,218,12
"GYPSONA 6""                    ",BSN,127.5,290,12
HANDYVAP STEAM INHALER        ,MEDTECH,196.65,450,3
HANSAPLAST REG                ,ALKEM,1.3,2.4,100
HEEL CRACK CREAM              ,BOMBAY,16.25,60,6
HICKS THERMOMETER (OVAL)      ,SURGICAL,126,199,3
HIPRES 25MG TAB               ,CIPLA,5.65,32.45,35
HIPRES 50                     ,CIPLA,10.22,31.04,60
HOT WATER BAG BABY            ,CORONATION,210,339,3
HOT WATER BAG DELUXE          ,CORONATION,231.15,409,7
HOT WATER BAG EASYCARE        ,RANISH,83.95,399,7
HOT WATER BAG HOSPITAL        ,CORONATION,265,415,3
HOT WATER BAG JUNIOR          ,CORONATION,204.7,365,4
HOT WATER BAG LARGE           ,CORONATION,245.6,395,3
HOT WATER BAG PALM            ,PENGUIN,69,210,1
HOT WATER BAG S.DELUXE        ,CORONATION,280,435,3
HUNGREE SYP STRAWBERRY        ,LAB,28.75,176,2
HUNGREE SYP SUNFLOWER         ,LABORATE,27.71,160,38
HYDROCORT INJ 100MG           ,ABBOTT,20.7,47.01,40
HYDROGEN PEROXIDE 500ML       ,PARAS,25.5,50,4
HYDROGEN PEROXIDE SOL.        ,PARAS,11.5,25,13
I-KOLD DROP                   ,UNIVERSAL,12.5,60,10
IBUKEM PLUS                   ,ALKEM,23,36,18
IBUKEM PLUS SYP               ,ALKEM,27.6,80,6
INTACOXIA 90MG                ,INTAS,23.57,109,53
INTAGESIC MR TAB              ,INTAS,17.46,113,166
INTASPORIN POW.10GM           ,INTAS,24.3,83,20
IODEX BIG                     ,GLAXO,,,2
IODINE TINCTURE               ,BOMBAY,40.68,90,3
ITCH CURE OINT                ,MEDVIN,19.55,99,6
ITRANOX  100                  ,CIPLA,44.09,119.48,14
ITRANOX 200                   ,CIPLA,68.55,173.42,25
ITROMED 100                   ,LEEFORD,48.87,186.7,17
ITROMED 200                   ,LEEFORD,78.5,247.7,18
ITROMED OC CRM                ,LEEFORD,27.31,110,2
IV CANNULA 22                 ,POLYMED,12.4,185,51
IV DEXTROS 25%(IHL)           ,IHL,15.15,23.35,15
IV DEXTROSE 5% 500ML (IHL)    ,IHL,20.7,42.5,25
IV DNS 500ML (IHL)            ,IHL,20.7,42.75,115
IV METRO 100ML TRIDOSS        ,TRIDOSS,13.25,23.52,62
IV NS 100ML(BML)              ,BML,9.75,22,370
IV NS 500ML(IHL)              ,IHL,19.8,39,44
IV NS 500ML(KAPLIFE)          ,KAPLIFE,20.12,39.04,25
IV PCM 100ML                  ,INTAS,32.8,448.8,40
IV RL 500ML                   ,ABARIS,25.3,63.28,7
IV RL 500ML(BML)              ,BML,23.5,63.25,75
IV RL 500ML(IHL)              ,IHL,23,63.2,25
IV SET SAFTI                  ,SAFTI,13.84,230,142
JAPANI OIL                    ,ROUSSEL,59.8,375,2
"JMS MICROPORE 1/2""            ",JMS,18.5,60.41,83
K-MOL TABLET (PARACETAMOL)    ,BOMBAY,5.8,9.96,50
KEROSITE DT                   ,LEEFORD,12.65,60,11
KETOCIP 2% SHAMPOO            ,CIPLA,75.16,305.8,12
KETOCIP 200 TAB               ,CIPLA,56.59,242.24,10
KETOCIP SHAMPOO 1%            ,CIPLA,64.02,264.38,9
KETOFLY SHAMPOO               ,LEEFORD,74.75,225,3
KETOFORD DT                   ,LEEFORD,12.76,60,47
KETOKEM SHAMPOO 110ML         ,ALKEM,75,215,1
KETOKEM SHAMPOO POUCH         ,ALKEM,6.34,10,100
KETOKEM SOAP                  ,ALKEM,43.05,130,24
KETZ OINT 20GM                ,UNIVERSAL,18.97,110,2
KETZ SOAP                     ,UNIVERSAL,37.95,110,20
KIT CATH I.V.NO.24            ,HINDUSTAN,10.59,234.5,86
KOFCLEAR COFGELS              ,ALKEM,18.97,58,12
KOLDEXIL                      ,EXILIFEPHARMED,46.43,65,3
KT5DERM CREAM                 ,LABORATE,17.13,105,16
L&T PUDINA                    ,SGS,7.47,20,25
LACTOMED SOLUTION             ,MEDLEY,102.69,259,5
LACTOMED SYRUP                ,BOMBAY,51.34,129.5,2
LEUKOPLAST 2.5CM*9MTR         ,ESSITY,56.25,78.25,1
LEVOZET 5MG TAB               ,CADILA,3.05,51.1,275
LEVOZET M SYP                 ,CADILA,26.49,90.12,12
LEVOZET M TABLET              ,CADILA,15.5,80,71
LEVOZET SYP                   ,CADILA,11.04,50.7,14
LIGNOCAD GEL                  ,CADILA,21.85,37.97,15
LIMCEE                        ,ABBOTT,17.76,24.68,1
LINZEE 600 TAB                ,SENCARE,100,339,19
LIPVAS 10MG                   ,CIPLA,15.29,55.32,8
LIPVAS 40MG                   ,CIPLA,50.6,216.16,3
LIVOERB SYP                   ,ALKEM,48.3,150,11
LOMO D                        ,DANISH,0.97,25.42,186
LOMOH 40 MG INJ               ,EMCURE,180,470.27,10
LOPEZ MD 1                    ,INTAS,,,2
LOPEZ MD 2                    ,INTAS,,,1
LOX 2% INJ.                   ,NEON,29.5,34.93,20
LOX 2% WITH ADRENALINE        ,NEON,29.35,35.27,10
LOX 4% TOPICAL                ,NEON,30.8,37.9,10
LQUIN 500MG TAB               ,CIPLA,35.5,100.68,63
LUKOPLAST 1.25CM*1MTR         ,SURGICAL,20.15,29.5,1
LULEE CREAM                   ,UNIVERSAL,25.38,99.7,5
LULEE CREAM 30GM              ,UNIVERSAL,43.35,154.5,29
LULIACT OINT                  ,LEEFORD,33.32,150,15
LULICOZ 15GM OINT             ,UNIVERSAL,24,150,3
LULIFORD LOTION               ,LEEFORD,43.7,150,33
LULIFORD OINT                 ,LEEFORD,32.77,150,6
LULIFORD POWDER 50GM          ,LEEFORD,52.3,175,3
LULIFORD SPRAY 30ML           ,LEEFORD,86.5,210,1
LULIFRESH CREAM               ,SMARTWAY,29.15,130,3
LUPIZYME PLUS SYRUP           ,LUPIN,63.25,151.1,5
LYCOLYFE                      ,ALKEM,28.35,175,6
MAHAMOX CV 625MG              ,MANKIND,86.25,204.5,4
MAXIRICH CAPS                 ,CIPLA,25.33,119,33
MAXIRICH MULTI SYP            ,CIPLA,51.01,145,9
MC CLEAR CAP                  ,PRAD,18.4,110,5
MECOBROOK PLUS                ,HEALING,48,198,16
MEDICLOR-M 100ML              ,CRISTAL,39.85,70,13
MEDICLOR-M 30ML               ,CRISTAL,24.75,45,18
MEDISALIC 20GM OINT           ,TORQUE,64.5,159,19
MEDTECH BP MONITOR            ,MEDTECH,908.5,2090,1
MEFCARE-P DS STRAWW/CARTON 60M,CADILA,16.95,95,2
MEGACLOX 250MG TAB            ,CIPLA,34.56,115.55,18
MEGLOW MEN CRM                ,LEEFORD,86.36,175,3
MEGLOW WOMEN CREAM            ,LEEFORD,87.4,165,4
MELAMET CREAM                 ,UNIVERSAL,20.4,85.2,126
MELAMINE LOTION               ,LEEFORD,46,110,6
MEM INJ                       ,NEON,16.7,16.7,2
METOLOL 25                    ,ROUSSEL,7.5,38.75,17
"MICROPORE 0.5""                ",3M,18,56,19
"MICROPORE 1""                  ",3M,34.5,112,12
"MICROPORE DR TAPE1/2""         ",THAI,13.2,32.77,9
MONAST FX                     ,EMCURE,36.3,233.3,8
MONAST LC                     ,EMCURE,16.28,158.6,79
MONAST LC SYP                 ,EMCURE,24.75,184.7,9
MONAST LC-KID TABS            ,EMCURE,12.4,103.45,2
MONTEWOK LC                   ,WOCKHARDT,17.25,238.48,10
MONTEXIL-LC                   ,EXILIFEPHARMED,125,175,39
MOOV OINT 20GM                ,PARAS,88.55,110,8
MOOV SPRAY 80GM               ,REGALIA,266.2,329,3
MOVE ON OINT                  ,MEDVIN,21.85,79,12
MOVEXX MR                     ,CIPLA,21.68,121,38
MOVEXX SP                     ,CIPLA,26.5,116.16,207
MOXATE CV DS SYP              ,ALKEM,52.2,162,27
MOXI EYE DROP                 ,CIPLA,13.25,176,20
MOXI-D EYE DROP               ,CIPLA,14.08,200,5
MUCOEND 600                   ,LEEFORD,83,250,13
MUSALI SUTRA POWER            ,NARENDRA,168.2,900,2
MVI INJ                       ,PREMIER,7.7,35,20
NASELIN INHALER               ,CIPLA,17.65,55,56
NASELIN NASAL SPRAY           ,CIPLA,48.59,92.4,70
NASELIN SALINE SPRAY          ,CIPLA,19.86,50.6,55
NEBULISER HANDYNEB CLASSIC    ,MEDTECH,856.75,1777,12
NEBULIZER  MASK KIT ADULT     ,ROMSONS,51.75,572,3
NEBULIZER 7225 EASYCARE       ,EASYCARE,704.95,1600,5
NEBULIZER HANDYNEB SMART      ,MEDTECH,943,1787,6
NEBULIZER MASK KIT PEAD.      ,ROMSONS,51.75,572,3
NEUROBROOK FORTE  NF          ,HEALING,14.95,38.75,11
NEXDOL 100MG INJ              ,ZUVENTUS,7.05,26.39,30
NICIP 100 TAB                 ,CIPLA,5.95,43.45,58
NICIP COLD & FLU TAB          ,CIPLA,18.14,63.8,540
NICIP MD TAB+                 ,CIPLA,8.01,60.5,40
NICIP MR                      ,CIPLA,20.25,106.7,202
NICIP PLUS TAB                ,CIPLA,11,65.1,758
NICOGUM 2MG                   ,CIPLA,85.1,121,9
NICOGUM 4MG                   ,CIPLA,105.49,150,27
NICOTEX 2MG MINT              ,CIPLA,74.58,92,1
NICOTEX 2MG(12)               ,CIPLA,84.33,121,13
NICOTEX 4MG(12)               ,CIPLA,104.54,150,18
NIMCETA GOLD NF               ,ALKEM,6.43,58,50
NIMUCET-MF SUSP               ,INTAS,14.5,56.5,22
NIPRO SYRINGE 2.5ML           ,NIPRO,3.27,10,600
NIPRO SYRINGE 3ML             ,NIPRO,3.65,14,400
NIPRO SYRINGE 5ML             ,NIPRO,4.25,19.5,1200
NO DARAR CREAM                ,CIPLA,19.95,69,9
NO-SCARS CREAM                ,TORQUE,174.65,263,24
NOCOLD SYRUP                  ,CIPLA,15.65,75.35,24
NODARD PLUS TABLET            ,CIPLA,11.04,57.75,769
NOR TZ TAB                    ,OMEGA,13.8,42,1
NOR-TZ SMB                    ,SAINT,12.62,42,593
NORCIN 400MG TAB              ,OMEGA,21.85,47,42
NOVACLOX-LB                   ,CIPLA,39.33,107.8,8
OKACET 10MG TAB               ,CIPLA,4.72,21.05,4844
OKACET-L TAB                  ,CIPLA,4.75,75.86,330
OKAMET 500MG TAB              ,CIPLA,10.32,27.6,49
OLOX 200MG                    ,CIPLA,13.22,80.53,15
OLOX-OZ                       ,CIPLA,28.86,154.88,10
OMEE 20MG CAP                 ,ALKEM,23,64.29,1020
OMEE D CAP                    ,ALKEM,29.32,220,284
OMEE LAX SUSPENSION           ,ALKEM,36.83,205,9
OMEE MPS LIQ MINT             ,ALKEM,36.65,117,37
OMNI GEL 10GM                 ,CIPLA,29.72,65.3,75
OMNI GEL 20GM                 ,CIPLA,48.47,114.5,67
OMNI GEL 30GM                 ,CIPLA,62.1,146.4,44
OMNI GEL 50GM                 ,CIPLA,86.87,197,26
OMNI GEL 75GM                 ,CIPLA,111.58,254.1,13
OMNI GEL SPRAY 100GM          ,CIPLA,145,325.49,18
OMNI GEL SPRAY 20GM           ,CIPLA,58.22,110.47,36
OMNI GEL SPRAY 35GM           ,CIPLA,77,144.4,38
OMNI GEL SPRAY 55GM           ,CIPLA,99.78,239.58,26
OMNI GEL SPRAY 75GM           ,CIPLA,112,272.9,29
OMNI HOT GEL                  ,CIPLA,32.92,105.05,24
OMRON BP HEM7142T1            ,OMRON,1771,2930,1
ONDODER INJ                   ,ELDER,2.95,15,58
ONETOUCH DELICA LANCETS       ,LIFESCAN,135.4,175,3
ONETOUCH SELECT+SIMPLE        ,LIFESCAN,726.78,1147,2
ONETOUCH SELECT+STRIP         ,LIFESCAN,348,395,1
ONETOUCH SELECT+STRIP         ,LIFESCAN,540.39,675,1
ONVIN 4MD MD                  ,CADILA,5.5,57.46,45
ONVIN SYP                     ,CADILA,9.87,42,17
OROGARD INSTA MOUTH ULCER GEL ,ALKEM,14.95,70,10
OROGARD MOUTH WASH BLUE       ,BOMBAY,34.5,125,12
OROGARD SG GEL                ,ALKEM,22.71,60,40
OROGARD TAB                   ,ALKEM,11.78,65,43
ORS PROLYTE APPLE LIQ         ,CIPLA,15.07,31.5,192
ORS PROLYTE JEERA             ,CIPLA,14.85,31.5,37
ORS PROLYTE MIXED FRUIT LIQ   ,CIPLA,15.07,31.5,157
ORS PROLYTE NIMBU PAANI       ,CIPLA,15.46,31.5,40
ORS PROLYTE ORANGE LIQ        ,CIPLA,15.07,31.5,345
ORS PROLYTE POW.ORANGE        ,CIPLA,6.94,21.82,680
ORTHAL FORTE TAB              ,CIPLA,58.32,409.58,4
OZ SMB                        ,SAINT,17.61,70,144
P 40 DSR CAP                  ,ALKEM,21.27,175,29
PANEXIL-DSR                   ,EXILIFEPHARMED,96.43,135,19
PANTOSEC D TAB                ,CIPLA,22.27,163.9,52
PANTOSEC DSR                  ,CIPLA,37.11,137.94,355
PANTOSEC TAB 40MG             ,CIPLA,18.68,143.56,33
"PAPER TAPE 3"" ANSUYA          ",ANSUYAA,52.5,237.5,4
PARACIP 250MG SYP             ,CIPLA,17.76,45.02,39
PARACIP 500MG TAB             ,CIPLA,6.17,10.08,1650
PARACIP 650MG TAB             ,CIPLA,9.6,22.51,965
PARACIP DROP                  ,CIPLA,18.39,37.18,19
PARACIP SYP 125MG             ,CIPLA,17.73,24.86,25
PARAD TAB 100GM               ,CIPLA,17.25,60,6
PARAFFIN I.P.                 ,OSWAL,17.25,40,12
PCM INJ                       ,INTAS,4.2,7.23,50
PENTAB 20MG                   ,ALKEM,20.7,90.8,65
PENTAB 40 MG TAB              ,ALKEM,36.55,179.3,38
PENTAB D TAB PC               ,ALKEM,36.25,197.6,123
PENTAB DSR CAP                ,ALEMBIC,35.07,154.9,40
PEP ON MIX SYP                ,ALKEM,31.33,120,60
PERMIFORCE CRM                ,HEALING,17.25,62.16,6
PERMIN CREAM                  ,UNIVERSAL,20.87,55.5,2
PHENERGAN INJ.                ,NICHOLAS,14.74,14.74,8
PHENSEDYL-DX SYP              ,ABBOTT,25.87,127.38,1
PHENSEDYL-DX SYP              ,ABBOTT,18.86,76.41,7
PHENVIL INJ                   ,AMERICAN,4.6,6.15,10
PILES CURE OINT               ,LUPIN,39.6,108.9,3
PILES CURE TAB                ,LUPIN,60.5,181.5,8
PIPERTAZO INJ                 ,ELDER,69,447.3,10
PLASTIC GLOVES                ,SKYLINE,65,300,1
PLASTIC GLOVES GENIUS         ,GENIUS,43.7,399,6
PLAYGARD MORE TIME CHOC       ,ALKEM,15.77,30,192
PLAYGARD MORE TIME(STRAW)     ,ALKEM,15.78,30,217
PODOCIP 200                   ,CIPLA,82.5,329.12,20
POWERFLAM MR                  ,ALKEM,16.01,105,175
POWERGYL SYRUP                ,CIPLA,23.6,79.75,96
PPNETA 40MG                   ,ANETA,9.65,56.5,3
PREDNISOLONE 5MG TAB          ,OMEGA,4.88,1280,15
PREGABANYL NT                 ,LEEFORD,29.9,155,10
PREGACATCH                    ,ALKEM,20,70,3
PREGAKEM CARD MONOCARTON      ,ALKEM,15.52,70,80
PREGALYV 75                   ,HELIOS,24.75,183.6,35
PREMOUNT-N TAB                ,CENTURY,6.5,60,340
PREVENT N TAB                 ,INTAS,11.35,60.37,220
PROTIMED ADVANCE POW 200GM    ,GERMAN,65,398,9
PROTITAS POWDER(CHOC)         ,INTAS,55.68,523,15
PROTITUS POWDER (K/P)         ,INTAS,58.55,476,2
PROTITUS POWDER (VANILLA)     ,INTAS,58.5,476,2
PROXYM MR TAB                 ,EMCURE,316.5,385.3,1
PYRICOL EYE DROP              ,UNIVERSAL,13.65,40,22
QUADRILINE + CREAM            ,UNIVERSAL,15.25,53.7,26
QUADRILINE CREAM 5GM          ,UNIVERSAL,6.5,28.5,34
R VISION ULTRASONIC GEL       ,GURU,26.79,95,1
RABALKEM DSR                  ,ALKEM,17.55,137,27
RABESEC 20                    ,CIPLA,17,99.22,75
RABESEC-D SR CAP              ,CIPLA,26.95,161.05,75
RABEXIL-DSR                   ,EXILIFEPHARMED,85.71,120,53
RANIDOM RD TAB                ,MANKIND,43.13,54.89,2
RANINET DM                    ,NECTAR,,,3
RANITAS INJ 2ML               ,INT,2.55,6.5,110
RAPID HOT GEL                 ,MICRO-TONE,20.75,106.95,3
REACTIN SR 100MG TAB          ,CIPLA,9.14,67.65,20
REACTINE 50MG TAB             ,CIPLA,6.55,20.49,7
REBEZ 20 TABLET               ,EMCURE,8.45,97.85,72
REBEZ DSR CAPSULE             ,EMCURE,14.58,180.75,409
REBEZ LS                      ,EMCURE,31.5,296.55,10
RELISPRAY 95GM                ,MIDAS,294.6,330,1
REXCOF DX                     ,CIPLA,29.25,141.02,73
REXCOF DX 60ML                ,CIPLA,21.47,77,43
RG-KEM SACHET                 ,ALKEM,13.72,70,24
RGB DIGITAL THERMOMETER       ,RGB,54.05,170,1
RIFAGUT 550 MG                ,SUN,404.64,515,1
ROKO 2MG CAP                  ,CIPLA,8.99,25.48,220
ROKO TAB                      ,CIPLA,9.66,25.48,12
ROMO VAC SET 10               ,ROMSONS,183.5,827,1
ROMO-10                       ,SURGICAL,33.35,316,3
ROSE WATER                    ,AMRUTA,15.8,35,2
ROSE WATER 500ML(SVAS)        ,LABDHI,24,72,3
ROSE WATER PARAS              ,PARAS,17.92,35,1
SANITIZER BAJAJ 5LTR          ,BAJAJ,390.6,1300,1
SAPAT PLUS LOTION 12ML        ,MANKIND,29.12,38,26
SAPAT PLUS MALAM              ,GENERAL,26.82,35,94
SCALP VEIN NO.22              ,TOP,20.8,50,72
SCISSOR VIRTUE VR218          ,BOMBAY,,,2
SHELCAL XT                    ,ELDER,310,429,2
SHILAJIT GOLD CAP             ,SENCARE,55,350,20
SHISHU MAT 2MTR VIKAMSHI      ,VIKAS,218.5,450,3
SHISHU MAT GENIUS 1MTR        ,GENIUS,112.94,449,3
SKIN GRAFTTING BLADE          ,SURGICAL,105,899,2
SKIN STAPLER 35W              ,EETA,350,1620,3
SKINDID-B CREAM               ,UNIVERSAL,13.5,35.7,17
SKINSHINE SOAP                ,CADILA,30.59,85,4
SMILOGEL                      ,BOMBAY,14.14,35.25,78
SMILOGEL CT                   ,UNIVERSAL,11.78,36.15,73
SOFRAXINE SKIN CRM            ,UNIVERSAL,7.05,22.5,10
SOFTSWAB 10*10                ,DATT,20.88,70,15
SOFTWARE &LAN                 ,CARE,4720,4720,1
SOLEARWAX EAR DROP            ,UNIVERSAL,15.77,75,8
SOMPRAZ 40MG                  ,SUN,119.5,167,2
SPASMONIL TABLET              ,CIPLA,11.25,31.94,181
SPINAL NEEDLE 25              ,TOP,87.5,236.5,6
SPINAL NEEDLE 26G             ,BECTON,87.5,236.5,6
SPIRIT 400ML                  ,CORAL,41.06,80,5
SPIRIT ETHON 25%              ,CYMER,11.5,40,3
SPIRIT SURGIWIL 70%           ,SURGICAL,29.9,70,3
SPIRIT ZEE                    ,CORAL,18.4,45,5
SPOTSRUB OINT                 ,LEEFORD,41.97,150,2
SS SULFA CRM 15GM             ,UNIVERSAL,18.97,50,2
SSDEE ULTRA+ CRM              ,UNIVERSAL,15.89,35.25,5
STALOPAM PLUS TAB             ,LUPIN,270.37,329.15,2
STATOR 10MG TAB               ,NICHOLAS,59.28,82.99,1
STERILLIUM 100ML              ,RAMAN,59.8,282,2
STERILLIUM SOLUTION 500ML     ,RAMAN,216,871,15
STICK REGULAR                 ,SURGICAL,155,549,1
STUD 2000 SPRAY               ,UNIVERSAL,55.5,175,2
STUD-1000 SPRAY               ,UNIVERSAL,55.45,180,12
STUD-2000 SPRAY 20GM          ,ECLAT,55.66,180,4
STUD-5000 SPRAY               ,UNIVERSAL,55.77,180,3
SUCRATAS-O SYP                ,INTAS,57.5,322,3
SUHAGRA 100MG TAB             ,CIPLA,13.9,232.32,107
SUHAGRA 25MG                  ,CIPLA,8.62,116.6,12
SUHAGRA 50MG TAB              ,CIPLA,9.25,133.1,61
SUMO GEL                      ,ALKEM,22.63,150,20
SUMO HOT GEL                  ,ALKEM,26.45,125,48
SUNSHADE SPF 30               ,LEEFORD,123.05,275,3
SURGICAL BLADE NO.10          ,SURGIWEAR,3.5,7.1,15
SURGICAL BLADE NO.12          ,SURGICAL,3.5,7.1,15
SURGICAL BLADE NO.15          ,SURGICAL,3.5,7.1,15
SURGICAL BLADE NO.20          ,SURGICAL,3.5,7.1,15
SURGICAL SPIRIT 70%           ,SURGICAL,48.3,230,6
SWIDRIL EXP. 100ML            ,IND-SWIFT,10.63,118.45,11
T MUCE 15GM                   ,LEEFORD,44.46,99,4
T MUCE OINTMENT               ,LEEFORD,28.3,113.5,33
TADACIP TAB 20MG              ,CIPLA,20.5,262.57,43
TAGARA SLEEP WELLNESS         ,HIMALAYA,161.3,220,1
TELISMART 20                  ,HELIOS,19.25,64.77,20
TELISMART 40MG TAB            ,HELIOS,26.8,113.55,10
TELISMART AM                  ,HELIOS,31.8,228.69,6
TELISMART CH                  ,HELIOS,39.01,237,10
TELISMART H                   ,HELIOS,29.15,215.01,16
TELKONOL M-50                 ,KNOLL,25.3,118.4,3
TELMEROS-40                   ,ROUSSEL,11.15,75.71,10
TELMIZEN 40MG                 ,ZENLABS,13.5,69.32,10
TENEPLA M                     ,CIPLA,41.49,154,14
THREE WAY                     ,TOP,25.2,150,72
TOBRA EYE DROP                ,LABORATE,14.77,54,7
TOBRA-D E/E DROP              ,LABORATE,15.52,69.3,16
TORNIQUET BELT                ,GENIUS,15,55,3
TOX INJ 1GM                   ,LABORATE,21,44.75,30
TRAMADEX 50MG                 ,LABORATE,18,53.9,9
ULTRA KING                    ,LABORATE,20.7,242,84
UNDERPADS (FRIENDS)LARGE      ,NOBEL,133.4,1050,1
UNDERPADS INSURGE INFINITE    ,INFINITI,17.25,375,9
UNIENZYME DROPS               ,TORRENT,43.25,111.6,12
UNIENZYME SYP 200ML           ,TORRENT,67.76,154.4,3
URINE BAG (ROMSONS)           ,ROMSONS,55,331,24
URINE POT PLASTIC             ,SURGICAL,41.06,324,2
UTIZYME TAB                   ,UNICHEM,9.94,64.7,10
VASOFIX NO.18                 ,B/BRAUN,48,211,3
VEIN O LINE 10CM              ,ROMSONS,36,379,25
VELOSULF POWDER 10GM          ,V.L.PHARMA,8,36,8
VICKS GOLI RS 2               ,PROCTER,,,1
VICRYL PLUS VP2347            ,ETHICON,505.6,887,6
VIGORA-100MG TAB              ,GERMAN,15.06,116,205
VIGOXXX 100MG                 ,WOCKHARDT,9.5,183.36,10
VISCO WALKING STICK TRIPOD    ,VISSCO,690,1200,1
VITOMIN D3 DROPS              ,CIPLA,31.58,87.69,15
VOGLIZEN .3MG                 ,ZENLABS,11.55,90,5
VOMISTOP TABLET               ,CIPLA,6.42,23.07,85
WHEELCHAIR EASYCARE           ,EASYCARE,3737,9999,1
WHITE PET.JELLY 100GM(PCI)    ,PARAS,31.63,75,42
WHITE PET.JELLY 200GM(PCI)    ,PARAS,69.58,130,6
WHITE PET.JELLY 500GM(PCI)    ,PARAS,127.07,230,4
WHITE PETRO JELLY PARAS       ,PARAS,17.85,50,36
WINFEILD OINT 20GM            ,UNIVERSAL,12.65,33.45,9
ZANDU BALM(ULTRA RED)         ,EMAMI,,,2
ZAPIZ 0.5                     ,INTAS,55.5,77.28,1
ZINCOHEAL SYP                 ,HEALING,36.8,190,20
ZINCOHEAL TAB                 ,HEALING,27.6,132,63
ZINCOWIDE TAB                 ,LORDCENT,24.5,120,36
ZITHROKEM 500                 ,ALKEM,31.9,79.19,21
ZOLWIN-F SKIN OINT            ,UNIVERSAL,13.05,36.15,168
ZYPOVID7.5% SCRUB 500ML       ,ZYDUS,225,453,1
